,attributai,b_cert_af,b_cert_leg,b_cert_tra,created_date,created_user,d_cert_af,d_cert_leg,d_cert_tra,date_amgt,date_attr,date_con_d,date_con_p,desc_type,exploitant,globalid,last_edited_date,last_edited_user,nom_conces,objectid,s_cert_af,statu_amgt,statu_attr,statu_conv,sup_adm_ha,t_cert_af,t_cert_leg,t_cert_tra,type_
0,,,,,1509528188000,KENDY,,,,,,,,Concession Forestière,,{3D03F283-D0EC-4775-830F-B8B8ED144F30},1509528188000,KENDY,1096,709,,non_amenage,en_conservation,,70273.0,,,,4110110
1,,,,,1509528188000,KENDY,,,,,,,,Concession Forestière,,{064AEBD6-CFC8-4DFE-A6BC-9B659CCA725C},1509528188000,KENDY,1093,734,,non_amenage,non_attribue,,36269.0,,,,4110110
2,PALLISCO,,,,1509528188000,KENDY,,1294185600000.0,,1439424000000.0,1357084800000.0,,1358812800000.0,Concession Forestière,PALLISCO,{67C93AF3-0BFF-42DF-9087-406AE446B692},1509528188000,KENDY,1083,632,,amenge,attribue,provisoire,47241.0,,OLB,,4110110
3,SBAC,,,,1509528188000,KENDY,,,,,1400630400000.0,,1145232000000.0,Concession Forestière,SBAC,{A27B3474-8B34-4622-BD72-B70EDC7EC31F},1516793728000,WRI-CMR,1085,720,,en_cours,attribue,definitive,70688.0,,,,4110110
4,BOTAC,,,,1509528188000,KENDY,,,,,1373241600000.0,,1373241600000.0,Concession Forestière,BOTAC,{6789D7D1-48DD-463E-BB65-5D187D9DC188},1516793931000,WRI-CMR,1105,740,,en_cours,attribue,provisoire,51342.0,,,,4110110
5,SEPFCO,,,,1509528188000,KENDY,,,,,1357171200000.0,,1357171200000.0,Concession Forestière,SEPFCO,{31AD51F7-89F9-4FB8-B827-5EC797018483},1516793778000,WRI-CMR,1094,718,,en_cours,attribue,provisoire,27364.0,,,,4110110
6,STBK,,,,1509528188000,KENDY,,,,1230768000000.0,1167350400000.0,1364774400000.0,1167350400000.0,Concession Forestière,STBK,{D5219ED5-53CC-4F67-98AC-A940E7D5E127},1516793065000,WRI-CMR,1088,688,,amenge,attribue,provisoire,37007.0,,,,4110110
7,BOTAC,,,,1509528188000,KENDY,,,,,1373241600000.0,,1373241600000.0,Concession Forestière,BOTAC,{4EA83380-D430-4C84-AD24-A4148948607D},1516793928000,WRI-CMR,1104,682,,en_cours,attribue,provisoire,56298.0,,,,4110110
8,SBAC,,,,1509528188000,KENDY,,,,,,,,Concession Forestière,,{56CD7195-1BC6-4CB3-8A95-B1CC6E69A189},1516793851000,WRI-CMR,1095,652,,non_amenage,en_conservation,,131521.0,,,,4110110
9,EQUATO BOIS,,,,1509528188000,KENDY,,,,,,,,Concession Forestière,EQUATO BOIS,{2D4F3A51-3993-4DE7-9909-69BE9B87FAFE},1516874627000,KENDIE,1061,696,,,,,,,,,4110110
10,GRACOVIR,,,,1509528188000,KENDY,,,,1451606400000.0,1357171200000.0,,1357171200000.0,Concession Forestière,GRACOVIR,{0618FF45-C34E-4A2D-BEC9-3539A44EB94F},1517829703000,KENDIE,1100,736,,amenge,attribue,provisoire,52021.0,,,,4110110
11,DINO&FILS,,,,1509528188000,KENDY,,,,1388534400000.0,1307491200000.0,1138320000000.0,1138320000000.0,Concession Forestière,DINO&FILS,{F031988B-752E-4EB5-AFA7-F9579CD560D9},1517833670000,CMR,1067,637,,amenge,attribue,definitive,32293.0,,,,4110110
12,,,,,1509528188000,KENDY,,,,,1428105600000.0,,,Concession Forestière,,{B83731AF-546C-4B41-BFB9-5694F9D4DFAC},1518599810000,KENDIE,1030,639,,en_cours,attribue,,80000.0,,,,4110110
13,,,,,1509528188000,KENDY,,1402185600000.0,,1309392000000.0,972000000000.0,1313020800000.0,972000000000.0,Concession Forestière,,{DD0FBB4D-1770-45B4-8CCC-28B00A86EBC0},1518599797000,KENDIE,1047,662,,amenge,attribue,definitive,149079.0,,OLB,,4110110
14,,,,,1509528188000,KENDY,,,,,1418601600000.0,,1409529600000.0,Concession Forestière,,{2A13D8F3-27F6-412E-A287-FB474C404A49},1518600330000,KENDIE,1071,666,,en_cours,attribue,provisoire,92241.0,,,,4110110
15,,,,,1509528188000,KENDY,,,,1325376000000.0,1406592000000.0,,1163980800000.0,Concession Forestière,,{1FBE9ABD-89D4-4526-87AE-F5D578BB9883},1518600399000,KENDIE,1090,667,,amenge,attribue,provisoire,97123.0,,,,4110110
16,,BV-FM/COC,,,1509528188000,KENDY,1223510400000.0,1304208000000.0,,1086048000000.0,1369612800000.0,,1104537600000.0,Concession Forestière,,{B8453558-CFCF-4CAF-9CFA-50062A9DE39D},1518599804000,KENDIE,1044,697,,amenge,attribue,provisoire,47585.0,FSC,OLB,,4110110
17,,,,,1509528188000,KENDY,,,,1451606400000.0,1406592000000.0,,1360281600000.0,Concession Forestière,,{96F3DC89-0E7F-4EE4-8415-894812D2C47C},1518600386000,KENDIE,1099,754,,amenge,attribue,provisoire,74464.0,,,,4110110
18,,,,,1509528188000,KENDY,,,,1318896000000.0,1433721600000.0,,1143072000000.0,Concession Forestière,,{0053FCC5-2BF2-4A5B-9990-9ED70027923E},1520442078000,KENDIE,1082,647,,amenge,attribue,provisoire,26895.0,,,,4110110
19,ENJC,,,,1509528188000,KENDY,,,,1451606400000.0,1346112000000.0,,1355702400000.0,Concession Forestière,ENJC,{B75509D1-ABA8-4322-B984-01EA4E761CE3},1520435556000,KENDIE,1091,712,,amenge,attribue,provisoire,28410.0,,,,4110110
20,EDEATECH,,,,1509528188000,KENDY,,,,,1267488000000.0,,,Concession Forestière,,{080C5338-C250-4CB3-921F-56AD5A4511B8},1520435361000,KENDIE,1027,691,,non_amenage,abandonne,,100000.0,,,,4110110
21,,,,,1509528188000,KENDY,,,,1224806400000.0,1428969600000.0,,1104624000000.0,Concession Forestière,,{C1ABC451-D955-42E6-8A1C-12356165C2B4},1520442079000,KENDIE,1077,746,,amenge,attribue,,36340.0,,,,4110110
22,LOREMA,,,SGS,1509528188000,KENDY,,,1401926400000.0,1230076800000.0,962409600000.0,,972000000000.0,Concession Forestière,LOREMA,{A1A2A39C-EB5C-48FB-9F61-53E162348A48},1520442079000,KENDIE,1032,664,,amenge,attribue,provisoire,183350.0,,,SGS-CW/FM,4110110
23,SFID,RA-FM/COC,,,1509528188000,KENDY,1363910400000.0,,1241654400000.0,1131840000000.0,890956800000.0,1291248000000.0,890956800000.0,Concession Forestière,SFID,{BE9AFFF3-2076-456F-B3CD-533B3004D31E},1520442078000,KENDIE,1012,727,,amenge,attribue,definitive,67942.0,FSC,,SW-CW,4110110
24,CUF,,,,1509528188000,KENDY,,,,1080777600000.0,1244505600000.0,,890870400000.0,Concession Forestière,CUF,{492A7982-82EE-424B-A030-D802B2D6FC43},1520442078000,KENDIE,1005,715,,amenge,attribue,provisoire,56192.0,,,,4110110
25,SEFECCAM,,,,1509528188000,KENDY,,,,1448496000000.0,1354752000000.0,,1354752000000.0,Concession Forestière,SEFECCAM,{FF18CAB3-65CB-48B6-9B02-E4A35973BDE2},1520428432000,KENDIE,1092,710,,amenge,attribue,provisoire,28114.0,,,,4110110
26,SEFAC,,,,1509528188000,KENDY,,1277856000000.0,,1388534400000.0,901238400000.0,1290988800000.0,890956800000.0,Concession Forestière,SEFAC,{0EEEE635-47D7-45BF-B0D2-A9D3491690D5},1520442769000,KENDIE,1016,745,,revise,attribue,definitive,59340.0,,OLB,,4110110
27,SOFOHNY,,,,1509528188000,KENDY,,,,1454284800000.0,1390867200000.0,1375747200000.0,1033516800000.0,Concession Forestière,SOFOHNY,{E2A2D8AF-023F-4300-8D86-55E06EF2E5D8},1520442752000,KENDIE,1063,726,,revise,attribue,provisoire,42556.0,,,,4110110
28,SEFAC,,,,1509528188000,KENDY,,1277856000000.0,,1444003200000.0,1002153600000.0,1290988800000.0,1002153600000.0,Concession Forestière,SEFAC,{D1A6E36A-61E4-4A97-87E4-2D9C1FEB2A48},1520442711000,KENDIE,1053,635,,revise,attribue,definitive,66688.0,,OLB,,4110110
29,CANABOIS,,,,1509528188000,KENDY,,,,1248912000000.0,1120176000000.0,,1164758400000.0,Concession Forestière,CANABOIS,{B8154319-DAE8-4595-B3F5-51D479116425},1520442765000,KENDIE,1049,742,,revise,attribue,provisoire,33863.0,,,,4110110
30,SIENCAM,,,,1509528188000,KENDY,,,,1277683200000.0,1384905600000.0,1400112000000.0,1385510400000.0,Concession Forestière,SIENCAM,{A2A1272F-A450-424C-87A2-64270B66044E},1520442706000,KENDIE,1029,634,,revise,attribue,definitive,94917.0,,,,4110110
31,SIENCAM,,,,1509528188000,KENDY,,,,1464739200000.0,1385510400000.0,1400112000000.0,1385510400000.0,Concession Forestière,SIENCAM,{AA7DCDE8-AD83-4945-90A9-91AF1B22FEA9},1520442763000,KENDIE,1086,732,,revise,attribue,definitive,55580.0,,,,4110110
32,PALLISCO,BV-FM/COC,,,1509528188000,KENDY,1223510400000.0,1304208000000.0,,1454284800000.0,972172800000.0,,1003708800000.0,Concession Forestière,PALLISCO,{10D74FE3-42AA-46CD-B173-6057F3524A3B},1520442746000,KENDIE,1054,708,,revise,attribue,provisoire,54150.0,FSC,OLB,,4110110
33,PALLISCO,BV-FM/COC,,,1509528188000,KENDY,1223510400000.0,1304208000000.0,,1454284800000.0,1287619200000.0,,972259200000.0,Concession Forestière,PALLISCO,{451812B7-F822-48BC-A778-CC963B871E6F},1520442738000,KENDIE,1041,692,,revise,attribue,provisoire,41202.0,FSC,OLB,,4110110
34,ETS KAKOUANDE,,,,1509528188000,KENDY,,,,1074211200000.0,1360886400000.0,,890956800000.0,Concession Forestière,ETS KAKOUANDE,{67AB65A7-15D9-4564-85AA-889F150630A1},1520442078000,KENDIE,1009,685,,amenge,attribue,provisoire,57137.0,,,,4110110
35,SABM,,,,1509528188000,KENDY,,,,1108512000000.0,1104537600000.0,,826761600000.0,Concession Forestière,SABM,{4426E997-B38F-49CE-BB38-5F2A4FE9583E},1520442079000,KENDIE,1026,657,,amenge,attribue,provisoire,107972.0,,,,4110110
36,SFEES,,,,1509528188000,KENDY,,,,1439424000000.0,1359936000000.0,,1359936000000.0,Concession Forestière,SFEES,{A9066BAC-89A7-4EDC-B6FE-88D459540741},1520442078000,KENDIE,1097,729,,amenge,attribue,provisoire,31803.0,,,,4110110
37,SIBM,,,,1509528188000,KENDY,,,,1293840000000.0,1143158400000.0,,1143158400000.0,Concession Forestière,SIBM,{1BF0AF11-4DBA-42E1-B016-4002FFD193EA},1520442078000,KENDIE,1079,724,,amenge,attribue,provisoire,30088.0,,,,4110110
38,IBC,,,,1509528188000,KENDY,,,,1388534400000.0,1360713600000.0,,1360713600000.0,Concession Forestière,IBC,{9677B6EA-82FE-4A33-A07D-EA520946C2F6},1520442078000,KENDIE,1102,684,,amenge,attribue,provisoire,77551.0,,,,4110110
39,SIM,,,,1509528188000,KENDY,,,,1103846400000.0,1333411200000.0,,1333411200000.0,Concession Forestière,SIM,{06C64DB7-51E9-4BDD-96F6-A188A3D2B810},1520442078000,KENDIE,1039,680,,amenge,attribue,provisoire,35090.0,,,,4110110
40,SIM,,,,1509528188000,KENDY,,,,1436227200000.0,1359936000000.0,,1359936000000.0,Concession Forestière,SIM,{233A218F-74A2-4611-BD9B-6229A8B23CB1},1520442078000,KENDIE,1103,651,,amenge,attribue,provisoire,57018.0,,,,4110110
41,SOFOHNY,,,,1509528188000,KENDY,,,,1451606400000.0,1150588800000.0,,1146009600000.0,Concession Forestière,SOFOHNY,{F7F386EB-4436-4D02-A9BA-C13745606FED},1520442774000,KENDIE,1084,751,,revise,attribue,definitive,68030.0,,,,4110110
42,FIPCAM,,,BV,1509528188000,KENDY,,1394150400000.0,,1359417600000.0,1003276800000.0,1286236800000.0,1003276800000.0,Concession Forestière,FIPCAM,{722B8DB0-4FD9-4535-A595-59A6BF27B430},1520442754000,KENDIE,1050,730,,revise,attribue,definitive,73863.0,,OLB,,4110110
43,SEBAC,,,,1509528188000,KENDY,,1279843200000.0,,1380585600000.0,952992000000.0,1289865600000.0,952992000000.0,Concession Forestière,SEBAC,{9C057579-37CB-4625-99E7-7F9332D52982},1520442751000,KENDIE,1022,723,,revise,attribue,definitive,92287.0,,OLB,,4110110
44,SODETRANCAM,BV-FM/COC,,,1509528188000,KENDY,1223510400000.0,1304208000000.0,,1290643200000.0,1292803200000.0,1298592000000.0,980467200000.0,Concession Forestière,SODETRANCAM,{EEC6099A-2034-44B3-BC05-284EE2EC7C27},1520442745000,KENDIE,1019,704,,revise,attribue,definitive,64961.0,FSC,OLB,,4110110
45,FIPCAM,,,,1509528188000,KENDY,,,,1220313600000.0,1191888000000.0,,1191888000000.0,Concession Forestière,FIPCAM,{0F5783BB-2309-44BB-95A7-80A24A614FDD},1520442740000,KENDIE,1045,699,,revise,attribue,provisoire,54447.0,,,,4110110
46,CFC,,,RA&BV,1509528188000,KENDY,,1398384000000.0,,1279152000000.0,839894400000.0,1284422400000.0,839894400000.0,Concession Forestière,CFC,{50A863F5-C35B-4412-8F70-2437E6D77407},1520442730000,KENDIE,1025,681,,revise,attribue,definitive,193105.0,,"OLB, VLC",,4110110
47,SEBC,,,RA&BV,1509528188000,KENDY,,1398384000000.0,,1202428800000.0,890956800000.0,,890956800000.0,Concession Forestière,SEBC,{3415F7F4-10DA-45CB-91A2-B0BC13914EB2},1520442726000,KENDIE,1010,670,,revise,attribue,provisoire,122294.0,,"OLB, VLC",,4110110
48,SAB,,,RA&BV,1509528188000,KENDY,,1398384000000.0,,1074211200000.0,890956800000.0,,890956800000.0,Concession Forestière,SAB,{BD3B3BF3-B0F4-48E6-A5E7-ECE10B13C5C3},1520442722000,KENDIE,1013,669,,revise,attribue,provisoire,48554.0,,"OLB, VLC",,4110110
49,SCIEB,SW-FM/COC,,BV,1509528188000,KENDY,1290124800000.0,1250812800000.0,1258588800000.0,1318204800000.0,1358121600000.0,1286323200000.0,1003363200000.0,Concession Forestière,SCIEB,{983E3010-CC2F-454C-9AB1-4E1AF0E15101},1520442767000,KENDIE,1006,744,,revise,attribue,definitive,41965.0,FSC,OLB,BV-CW,4110110
50,COFA,,,,1509528188000,KENDY,,,,1454284800000.0,1030060800000.0,,1030060800000.0,Concession Forestière,COFA,{4624F260-3BC4-4A97-B527-6440B9D5BCB5},1520442758000,KENDIE,1064,733,,revise,attribue,provisoire,54822.0,,,,4110110
51,CAFECO,BV-FM/COC,,,1509528188000,KENDY,1268956800000.0,,,1406246400000.0,1164153600000.0,,1164153600000.0,Concession Forestière,CAFECO,{082B4F35-EDCB-4361-8945-1BE82C0EFD8E},1520442749000,KENDIE,1087,722,,revise,attribue,provisoire,80800.0,FSC,,,4110110
52,SEFECCAM,,,,1509528188000,KENDY,,,,1420070400000.0,1354752000000.0,,1354752000000.0,Concession Forestière,SEFECCAM,{3DDE58AC-A2D5-47D8-95FA-8FD9707FB702},1520442743000,KENDIE,1068,702,,revise,attribue,provisoire,54807.0,,,,4110110
53,FILIERE BOIS,,,,1509528188000,KENDY,,1277856000000.0,,1195516800000.0,1002153600000.0,1334016000000.0,1002153600000.0,Concession Forestière,FILIERE BOIS,{63C79437-33DE-4823-B1A0-9311E41F0DC9},1520442742000,KENDIE,1060,700,,revise,attribue,definitive,115900.0,,OLB,,4110110
54,STBK,,,,1509528188000,KENDY,,,,1343606400000.0,1002844800000.0,1364774400000.0,1002844800000.0,Concession Forestière,STBK,{59E486CD-C1F2-42DE-8E1C-3FF994185BD8},1520442718000,KENDIE,1051,648,,revise,attribue,provisoire,52245.0,,,,4110110
55,SFIL,,,RA,1509528188000,KENDY,,1370217600000.0,,1277683200000.0,1128470400000.0,1284336000000.0,1128470400000.0,Concession Forestière,SFIL,{F1940B90-C0EF-4E7C-91DB-5D810C4C10BB},1520442078000,KENDIE,1070,756,,amenge,attribue,definitive,47823.0,,VLC,,4110110
56,SOCIB,,,SGS,1509528188000,KENDY,,,1401926400000.0,1199145600000.0,972000000000.0,,972000000000.0,Concession Forestière,SOCIB,{60239E40-BE05-432B-8EF1-043491C854A9},1520442078000,KENDIE,1034,755,,amenge,attribue,provisoire,44698.0,,,SGS-CW/FM,4110110
57,GRUMCAM,,,,1509528188000,KENDY,,1399420800000.0,,1101427200000.0,890956800000.0,1284940800000.0,890956800000.0,Concession Forestière,GRUMCAM,{06418C5D-331C-4CA0-BA80-C085ADF05E0E},1520442078000,KENDIE,1015,656,,amenge,attribue,definitive,86096.0,,OLB,,4110110
58,SFDB,,,,1509528188000,KENDY,,,,1103846400000.0,890956800000.0,,890956800000.0,Concession Forestière,SFDB,{5790ED84-D9A4-4052-804A-00A53D44FE5B},1520442078000,KENDIE,1014,654,,amenge,attribue,provisoire,46922.0,,,,4110110
59,SIM,,,,1509528188000,KENDY,,,,1086048000000.0,1303862400000.0,,982195200000.0,Concession Forestière,SIM,{89BE2194-C936-48C3-84C1-06BA1981C680},1520442078000,KENDIE,1038,644,,amenge,attribue,provisoire,82571.0,,,,4110110
60,CUF,,,BV,1509528188000,KENDY,,1279756800000.0,,1103846400000.0,972432000000.0,,972432000000.0,Concession Forestière,CUF,{26DED5F4-6A91-44F3-9E06-1C01707DF88F},1520442078000,KENDIE,1036,643,,amenge,attribue,provisoire,38247.0,,OLB,,4110110
61,CAMBOIS,RA-FM/COC,,,1509528188000,KENDY,1363910400000.0,,,1108512000000.0,972259200000.0,,972259200000.0,Concession Forestière,CAMBOIS,{E0E3F813-C86E-4587-8234-0C1A58EF6D18},1520442078000,KENDIE,1043,640,,amenge,attribue,provisoire,145585.0,FSC,,,4110110
62,SODETRANCAM,BV-FM/COC,,,1509528188000,KENDY,1223510400000.0,1304208000000.0,,1290643200000.0,1002240000000.0,,1002240000000.0,Concession Forestière,SODETRANCAM,{0D5927C7-A22D-4722-81D8-50E7A0D0141F},1520442079000,KENDIE,1055,752,,amenge,attribue,provisoire,44249.0,FSC,OLB,,4110110
63,SFID,RA-FM/COC,,,1509528188000,KENDY,1363910400000.0,,1241654400000.0,1285977600000.0,1033603200000.0,1320796800000.0,1035936000000.0,Concession Forestière,SFID,{43B172A2-5D6B-44BF-977B-B1E450A538D1},1520442078000,KENDIE,1066,728,,amenge,attribue,definitive,72391.0,FSC,,SW-CW,4110110
64,FIPCAM,,,BV,1509528188000,KENDY,,1394150400000.0,,1103846400000.0,1329091200000.0,,976665600000.0,Concession Forestière,FIPCAM,{3F57361A-80AE-4594-AF7E-708AA0518EFB},1520442078000,KENDIE,1033,717,,amenge,attribue,provisoire,65675.0,,OLB,,4110110
65,DINO&FILS,,,,1509528188000,KENDY,,,,1351728000000.0,,1470009600000.0,1064534400000.0,Concession Forestière,DINO&FILS,{26B3A467-290E-48A4-81D3-CF562EBA586D},1520442079000,KENDIE,1057,713,,amenge,attribue,provisoire,47080.0,,,,4110110
66,SEPFCO,,,,1509528188000,KENDY,,,,1221091200000.0,1132012800000.0,,1132012800000.0,Concession Forestière,SEPFCO,{37702C0B-B688-4B98-A01E-EC81232A7FAC},1520442078000,KENDIE,1075,707,,amenge,attribue,provisoire,73336.0,,,,4110110
67,GRUMCAM,,,,1509528188000,KENDY,,1399420800000.0,,1230076800000.0,1120608000000.0,1286236800000.0,1125964800000.0,Concession Forestière,GRUMCAM,{A858CD2B-0DF2-450E-AB7B-97A2EA80BCD9},1520442078000,KENDIE,1072,706,,amenge,attribue,definitive,82308.0,,OLB,,4110110
68,SFCS,,,,1509528188000,KENDY,,,,1074211200000.0,890956800000.0,,890956800000.0,Concession Forestière,SFCS,{952A2F3D-AA4B-4045-8423-D0728EB80BF2},1520442078000,KENDIE,1007,703,,amenge,attribue,provisoire,57996.0,,,,4110110
69,CIBC,,,RA&BV,1509528188000,KENDY,,1398384000000.0,,1208390400000.0,982195200000.0,,982195200000.0,Concession Forestière,CIBC,{031BF16F-9F54-472F-B99F-C5C4B168F40D},1520442078000,KENDIE,1004,701,,amenge,attribue,provisoire,130273.0,,"OLB, VLC",,4110110
70,ALPICAM,,,,1509528188000,KENDY,,1399420800000.0,,1101427200000.0,971308800000.0,1284422400000.0,971308800000.0,Concession Forestière,ALPICAM,{019F00C2-F5F8-4A99-95A1-D048218613E8},1520442078000,KENDIE,1040,689,,amenge,attribue,definitive,126988.0,,OLB,,4110110
71,CAMTRANS,,,BV,1509528188000,KENDY,,1347494400000.0,,1333238400000.0,1310860800000.0,,1180483200000.0,Concession Forestière,CAMTRANS,{EFB2707F-2CC5-4BA6-80C4-1997D4624352},1520442078000,KENDIE,1062,687,,amenge,attribue,provisoire,63865.0,,OLB,,4110110
72,,,,,1509528188000,KENDY,,,,1351728000000.0,1387238400000.0,,1132012800000.0,Concession Forestière,,{540FFC58-392A-47C3-B3E2-1DC29CCD94C6},1520442078000,KENDIE,1074,650,,amenge,attribue,provisoire,78579.0,,,,4110110
73,SODETRANCAM,BV-FM/COC,,,1509528188000,KENDY,1223510400000.0,1304208000000.0,,1290643200000.0,1292803200000.0,,1001980800000.0,Concession Forestière,SODETRANCAM,{576FE522-89CE-4C04-83D7-D096661BDDDE},1520442078000,KENDIE,1056,683,,amenge,attribue,provisoire,66861.0,FSC,OLB,,4110110
74,PLACAM,,,,1509528188000,KENDY,,,,1101427200000.0,1002844800000.0,,1002844800000.0,Concession Forestière,PLACAM,{E4C44F8B-3770-472F-8C64-CAECCBE49385},1520442078000,KENDIE,1021,679,,amenge,attribue,provisoire,28387.0,,,,4110110
75,SEFAC,,,,1509528188000,KENDY,,1277856000000.0,,1195430400000.0,1002153600000.0,1290988800000.0,1002153600000.0,Concession Forestière,SEFAC,{5C0379BD-6434-4DA4-B589-F619B893FCB4},1520442078000,KENDIE,1052,678,,amenge,attribue,definitive,72727.0,,OLB,,4110110
76,CUF,,,BV,1509528188000,KENDY,,1279756800000.0,,1277424000000.0,1127347200000.0,,1127347200000.0,Concession Forestière,CUF,{8383E564-E8ED-4FE0-AA3A-DEA64353C968},1520442078000,KENDIE,1069,677,,amenge,attribue,provisoire,44866.0,,OLB,,4110110
77,SEFECCAM,,,,1509528188000,KENDY,,,,1277683200000.0,1165276800000.0,,1165276800000.0,Concession Forestière,SEFECCAM,{615DBEFE-F5C2-4DAE-961C-502B158745A9},1520442078000,KENDIE,1089,675,,amenge,attribue,provisoire,47930.0,,,,4110110
78,CFK,BV-FM/COC,,BV,1509528188000,KENDY,1339632000000.0,1250812800000.0,,1242345600000.0,1360195200000.0,,1135209600000.0,Concession Forestière,CFK,{785FFC25-A300-41C8-9800-D272E297DF66},1520442078000,KENDIE,1078,668,,amenge,attribue,provisoire,78461.0,FSC,OLB,,4110110
79,CUF,,,BV,1509528188000,KENDY,,1279756800000.0,,1277424000000.0,1142899200000.0,1324512000000.0,1142899200000.0,Concession Forestière,CUF,{EF0DCD6A-BAA7-4C35-837B-C6B43A981C5F},1520442078000,KENDIE,1081,660,,amenge,attribue,definitive,64461.0,,OLB,,4110110
80,CUF,,,,1516793958000,WRI-CMR,,,,,1462233600000.0,,1423180800000.0,Concession Forestière,CUF,{9E1A5E08-C300-4DA5-BB2E-64D9EFDC7EA6},1520528889000,KENDIE,1128,1157,,en_cours,attribue,,,,,,4110110
81,STBK,,,,1509528188000,KENDY,,,,1343606400000.0,1109721600000.0,1390521600000.0,890956800000.0,Concession Forestière,STBK,{6A9B8923-AACF-41A9-81E1-6FD59273AE74},1520531569000,KENDIE,1003,633,,revise,attribue,definitive,81397.0,,,,4110110
82,,,,,1509528188000,KENDY,,,,1451606400000.0,1346112000000.0,,1360886400000.0,Concession Forestière,,{56AAA560-E1AA-4BBB-BA2F-89B4B6AB4EA0},1520613385000,KENDIE,1098,711,,amenge,attribue,provisoire,77692.0,,,,4110110
83,SCIEB,BV-FM/COC,,BV,1509528188000,KENDY,1349481600000.0,1329350400000.0,,1506556800000.0,890956800000.0,,890956800000.0,Concession Forestière,SCIEB,{B50DC9AE-BD8F-4D7D-9DC5-2AB598816EB5},1521556238000,KENDIE,1011,642,,revise,attribue,definitive,88148.0,FSC,OLB,,4110110
84,SFIL,SW-FM/COC,,,1509528188000,KENDY,1263859200000.0,,,1359417600000.0,1127433600000.0,1292457600000.0,1002153600000.0,Concession Forestière,SFIL,{3150E85F-DA1A-42DE-BE76-27C96EDCBC52},1520615869000,KENDIE,1058,686,,amenge,attribue,definitive,69008.0,FSC,,,4110110
85,LA ROSIERE,,,,1509528188000,KENDY,,,,1436227200000.0,1346112000000.0,,1359936000000.0,Concession Forestière,LA ROSIERE,{316DD330-2DFF-4E49-B65B-BBE107348E5C},1520613967000,KENDIE,1042,645,,revise,attribue,provisoire,52186.0,,,,4110110
86,,,,,1509528188000,KENDY,,,,1101427200000.0,1002585600000.0,,1002585600000.0,Concession Forestière,SCTB,{073FF2D0-0B4A-4DFC-BDCC-76F1A96190AA},1527776411000,KENDIE,1046,676,,amenge,attribue,provisoire,163533.0,,,,4110110
87,SN COCAM,,,,1509528188000,KENDY,,,,1294185600000.0,962409600000.0,,979171200000.0,Concession Forestière,SN COCAM,{0B6884F0-C406-4A11-A2FA-4FBC0988B553},1527776123000,KENDIE,1035,750,,amenge,attribue,provisoire,40368.0,,,,4110110
88,MMG,,,,1509528188000,KENDY,,1356048000000.0,,1451606400000.0,962409600000.0,,972000000000.0,Concession Forestière,CFK,{92F3418E-EBE2-466E-8876-717625C04A25},1527776834000,KENDIE,1028,690,,revise,attribue,provisoire,125568.0,,VLC,,4110110
89,,,,,1515594961000,KENDIE,,,,1128124800000.0,1420070400000.0,976924800000.0,971136000000.0,Concession Forestière,,{1D5DBD6C-FEC4-4C60-8740-F746E07544BC},1527776581000,KENDIE,1048,757,,revise,attribue,definitive,68916.0,,,,4110110
90,,,,RA&BV,1509528188000,KENDY,,1399420800000.0,,1279670400000.0,1164758400000.0,,1164758400000.0,Concession Forestière,,{389CE457-0E78-4915-A275-EB5010AD446B},1527776914000,KENDIE,1065,737,,amenge,attribue,provisoire,50752.0,,OLB,,4110110
91,SCIEB,,,BV,1509528188000,KENDY,,1250812800000.0,1258588800000.0,1318032000000.0,1322784000000.0,,971136000000.0,Concession Forestière,CUF,{DD631655-CC15-4EE1-8DCD-D55CFF0275B7},1527776372000,KENDIE,1037,705,,amenge,attribue,provisoire,76002.0,,OLB,BV-CW,4110110
92,SOCIB,,,,1509528188000,KENDY,,,,1277510400000.0,1134518400000.0,,1134518400000.0,Concession Forestière,SOCIB,{5BBC3578-AB76-4B1D-B119-5B3258795540},1527777237000,KENDIE,1073,735,,amenge,attribue,provisoire,89017.0,,,,4110110
93,,,,,1509528188000,KENDY,,,,1439424000000.0,,,,Concession Forestière,,{1E522745-2CD0-4CA4-BC7D-7028C6002F77},1528710880000,KENDIE,1501,753,,amenge,attribue,,,,,,4110110
94,,,,,1509528188000,KENDY,,,,1439424000000.0,,,,Concession Forestière,,{E538AD2B-BCD0-4B75-8CBD-929017FC5B2D},1528710931000,KENDIE,1495 ,749,,amenge,attribue,,,,,,4110110
95,,,,,1509528188000,KENDY,,,,1325376000000.0,1284681600000.0,1284681600000.0,,Concession Forestière,,{0BB40349-CA74-493A-A01E-00417C69A994},1528710445000,KENDIE,1484,748,,amenge,attribue,,36507.0,,,,4110110
96,,,,,1509528188000,KENDY,,,,1154390400000.0,1115769600000.0,1115769600000.0,,Concession Forestière,,{044FC48C-3C8E-4506-8E83-3501CFC4837C},1528710363000,KENDIE,1478,747,,amenge,attribue,,22206.0,,,,4110110
97,,,,,1509528188000,KENDY,,,,1279670400000.0,1159920000000.0,1159920000000.0,,Concession Forestière,,{6C5DA4D5-59C4-42FB-A1EB-808087567766},1528710387000,KENDIE,1480,719,,amenge,attribue,,16864.0,,,,4110110
98,,,,,1509528188000,KENDY,,,,1388534400000.0,1309046400000.0,1309046400000.0,,Concession Forestière,,{7DD7DC76-3C6A-4247-B3EB-6A4153ADE632},1528710498000,KENDIE,1486,716,,amenge,attribue,,20000.0,,,,4110110
99,,,,,1509528188000,KENDY,,,,1439424000000.0,,,,Concession Forestière,,{5160DD43-D887-42B5-989B-6827EBE53FD0},1528710916000,KENDIE,1497,714,,amenge,attribue,,,,,,4110110
100,,,,,1509528188000,KENDY,,,,1439424000000.0,,,,Concession Forestière,,{9CABC7E6-EB69-4DCD-9712-5B3FC3DE4D04},1528710927000,KENDIE,1496,698,,amenge,attribue,,,,,,4110110
101,,,,,1509528188000,KENDY,,,,1439424000000.0,,,,Concession Forestière,,{D3B23FBE-97C5-4630-905A-F878A31D6BB3},1528710938000,KENDIE,1494,695,,amenge,attribue,,,,,,4110110
102,,,,,1509528188000,KENDY,,,,1318896000000.0,1258329600000.0,1258329600000.0,,Concession Forestière,,{31CCAA59-F146-47C4-A512-B83DCB9734CB},1528710413000,KENDIE,1482,694,,amenge,attribue,,20000.0,,,,4110110
103,SFB,,,,1509528188000,KENDY,,,,1074211200000.0,878342400000.0,,890956800000.0,Concession Forestière,,{DB53C677-8AB0-4775-9B5D-6EB0304F10C1},1528709560000,KENDIE,1002,673,,amenge,attribue,provisoire,51450.0,,,,4110110
104,,,,,1509528188000,KENDY,,,,1439424000000.0,,,,Concession Forestière,,{FD2F5C87-4BDF-40E2-83CE-1EAADE73C290},1528710885000,KENDIE,1500,672,,amenge,attribue,,,,,,4110110
105,,,,,1509528188000,KENDY,,,,1439424000000.0,,,,Concession Forestière,,{BD0F6021-2717-4A9D-A23A-EF22E1537E6A},1528710943000,KENDIE,1493,665,,amenge,attribue,,14671.0,,,,4110110
106,SFF,,,,1509528188000,KENDY,,,,1103846400000.0,1073088000000.0,,892598400000.0,Concession Forestière,,{363CEFD4-536A-4835-817F-62417BF559BF},1528709552000,KENDIE,1001,661,,amenge,attribue,provisoire,59238.0,,,,4110110
107,,,,,1509528188000,KENDY,,,,1439424000000.0,1424217600000.0,1424217600000.0,,Concession Forestière,,{3C22EA0B-84F6-44F1-ADCB-51AF325910E8},1528710504000,KENDIE,1487,658,,amenge,attribue,,45895.0,,,,4110110
108,,,,,1509528188000,KENDY,,,,1439424000000.0,,,,Concession Forestière,,{3EC7B9B6-D4D0-4EEC-B89E-396699AA4754},1528710680000,KENDIE,1489,653,,amenge,attribue,,45359.0,,,,4110110
109,,,,,1509528188000,KENDY,,,,1439424000000.0,,,,Concession Forestière,,{09221811-1C32-4FB8-B312-A92B8F4BC503},1528710890000,KENDIE,1499,649,,amenge,attribue,,,,,,4110110
110,,,,,1509528188000,KENDY,,,,1318896000000.0,1258329600000.0,1258329600000.0,,Concession Forestière,,{94A37EFA-D7A3-43A8-AFC8-6A1D61AE0835},1528710433000,KENDIE,1483,646,,amenge,attribue,,41087.0,,,,4110110
111,,,,,1509528188000,KENDY,,,,1439424000000.0,,,,Concession Forestière,,{26C23C79-BB1C-4B61-9AC9-3DEB52AAC52B},1528710906000,KENDIE,1498,641,,amenge,attribue,,,,,,4110110
112,,,,,1509528188000,KENDY,,,,1141171200000.0,992390400000.0,992390400000.0,,Concession Forestière,,{8D482E9B-5D71-479D-A603-62296D911FDC},1528710771000,KENDIE,388,638,,revise,attribue,definitive,16240.0,,,,4110110
113,,,,,1509528188000,KENDY,,,,1136073600000.0,1115769600000.0,1115769600000.0,,Concession Forestière,,{7B4D8607-7A89-491D-A787-4CFC525C0A8F},1528710332000,KENDIE,1475,636,,amenge,attribue,,42612.0,,,,4110110
114,,,,,1509528188000,KENDY,,,,1439424000000.0,,,,Concession Forestière,,{518A9532-8162-43C6-A2F8-1BA94766F7B0},1528710875000,KENDIE,1502,631,,amenge,attribue,,,,,,4110110
115,,,,,1509528188000,KENDY,,,,1102809600000.0,878342400000.0,,890956800000.0,Concession Forestière,EFJK,{A915A91F-9B88-473E-8783-210B21AF04E5},1528708557000,CARTO,1017,731,,amenge,attribue,provisoire,88050.0,,,,4110110
116,,,,,1509528188000,KENDY,,,,1230076800000.0,1400630400000.0,,890956800000.0,Concession Forestière,,{7B360D38-9AAB-41FF-B159-62D1F5AC2C59},1528708596000,CARTO,1020,721,,amenge,attribue,provisoire,45210.0,,,,4110110
117,,,,RA,1509528188000,KENDY,,1365379200000.0,,1406937600000.0,890956800000.0,1284336000000.0,890956800000.0,Concession Forestière,,{77300EF4-2CD1-4F1F-9631-2F224933832E},1528708575000,CARTO,1018,663,,revise,attribue,definitive,66183.0,,VLC,,4110110
118,,,,,1509528188000,KENDY,,,,1103846400000.0,962409600000.0,,974937600000.0,Concession Forestière,,{E2E1A6A3-2225-4518-8E24-0ED4F65772C3},1528708622000,CARTO,1031,655,,amenge,attribue,provisoire,49640.0,,,,4110110
119,,,,,1509528188000,KENDY,,,,1439424000000.0,,,,Concession Forestière,,{2BF55C48-FE58-48B2-877F-0526D19FFD2C},1528710954000,KENDIE,1491,739,,amenge,attribue,,33721.0,,,,4110110
120,,,,,1509528188000,KENDY,,,,1238544000000.0,1160784000000.0,1160784000000.0,,Concession Forestière,,{DDF2CE9B-7193-49CE-9D04-9BF018B122EC},1528710346000,KENDIE,1476,738,,amenge,attribue,,34199.0,,,,4110110
121,,,,,1509528188000,KENDY,,,,1439424000000.0,,,,Concession Forestière,,{6B9B3840-3892-46E7-BD9B-F9D8AB644573},1528710950000,KENDIE,1492,725,,amenge,attribue,,39507.0,,,,4110110
122,,,,,1509528188000,KENDY,,,,1439424000000.0,,,,Concession Forestière,COMMUNE DE DOUMAINTANG,{F0DBF7EB-D1AB-4C0C-BB8F-A9824E92B2AC},1529570542000,CMR,1490,743,,amenge,attribue,,34718.0,,,,4110110
123,,,,,1509528188000,KENDY,,,,,,,,Concession Forestière,CBD,{3C81DBF3-B926-4956-9F79-47CEFCFFD8EC},1529570569000,CMR,1488,659,,amenge,attribue,,,,,,4110110
124,,,,,1509528188000,KENDY,,,,1318896000000.0,1284681600000.0,1284681600000.0,,Concession Forestière,CR DZENG,{D0E78A64-68AF-4A89-A6B7-57EC5EA67F70},1529570582000,CMR,1481,671,,amenge,attribue,definitive,21212.0,,,,4110110
125,,,,,1509528188000,KENDY,,,,1230768000000.0,969235200000.0,969235200000.0,,Concession Forestière,CR DJOUM,{8435B80A-19A8-4001-9EFA-CAA371732124},1529570587000,CMR,1479,674,,amenge,attribue,definitive,15000.0,,,,4110110
126,,,,,1509528188000,KENDY,,,,1439424000000.0,1284681600000.0,1284681600000.0,,Concession Forestière,FC AKOM2/ EFOU,{C2C9011F-6108-4BC6-AE3E-B1CBC938B5C3},1529570595000,CMR,1485,741,,amenge,attribue,definitive,17226.0,,,,4110110
